firstName1	lastName1	31/03/2000	
firstName402	lastName402	31/03/2000	
firstName3	lastName3	31/03/2000	
firstName403	lastName403	31/03/2000	
firstName4	lastName4	31/03/2000	
firstName404	lastName404	31/03/2000	
firstName405	lastName405	31/03/2000	
firstName5	lastName5	31/03/2000	
firstName6	lastName6	31/03/2000	
firstName406	lastName406	31/03/2000	
firstName407	lastName407	31/03/2000	
firstName7	lastName7	31/03/2000	
firstName408	lastName408	31/03/2000	
firstName8	lastName8	31/03/2000	
firstName409	lastName409	31/03/2000	
firstName9	lastName9	31/03/2000	
firstName410	lastName410	31/03/2000	
firstName10	lastName10	31/03/2000	
firstName411	lastName411	31/03/2000	
firstName11	lastName11	31/03/2000	
firstName412	lastName412	31/03/2000	
firstName12	lastName12	31/03/2000	
firstName413	lastName413	31/03/2000	
firstName13	lastName13	31/03/2000	
firstName414	lastName414	31/03/2000	
firstName14	lastName14	31/03/2000	
firstName415	lastName415	31/03/2000	
firstName15	lastName15	31/03/2000	
firstName416	lastName416	31/03/2000	
firstName16	lastName16	31/03/2000	
firstName417	lastName417	31/03/2000	
firstName17	lastName17	31/03/2000	
firstName418	lastName418	31/03/2000	
firstName18	lastName18	31/03/2000	
firstName419	lastName419	31/03/2000	
firstName19	lastName19	31/03/2000	
firstName420	lastName420	31/03/2000	
firstName20	lastName20	31/03/2000	
firstName421	lastName421	31/03/2000	
firstName21	lastName21	31/03/2000	
firstName422	lastName422	31/03/2000	
firstName22	lastName22	31/03/2000	
firstName423	lastName423	31/03/2000	
firstName23	lastName23	31/03/2000	
firstName24	lastName24	31/03/2000	
firstName424	lastName424	31/03/2000	
firstName25	lastName25	31/03/2000	
firstName425	lastName425	31/03/2000	
firstName26	lastName26	31/03/2000	
firstName426	lastName426	31/03/2000	
firstName27	lastName27	31/03/2000	
firstName427	lastName427	31/03/2000	
firstName28	lastName28	31/03/2000	
firstName428	lastName428	31/03/2000	
firstName29	lastName29	31/03/2000	
firstName429	lastName429	31/03/2000	
firstName30	lastName30	31/03/2000	
firstName430	lastName430	31/03/2000	
firstName31	lastName31	31/03/2000	
firstName431	lastName431	31/03/2000	
firstName432	lastName432	31/03/2000	
firstName32	lastName32	31/03/2000	
firstName433	lastName433	31/03/2000	
firstName33	lastName33	31/03/2000	
firstName434	lastName434	31/03/2000	
firstName435	lastName435	31/03/2000	
firstName436	lastName436	31/03/2000	
firstName37	lastName37	31/03/2000	
firstName38	lastName38	31/03/2000	
firstName439	lastName439	31/03/2000	
firstName39	lastName39	31/03/2000	
firstName440	lastName440	31/03/2000	
firstName441	lastName441	31/03/2000	
firstName42	lastName42	31/03/2000	
firstName43	lastName43	31/03/2000	
firstName44	lastName44	31/03/2000	
firstName45	lastName45	31/03/2000	
firstName445	lastName445	31/03/2000	
firstName446	lastName446	31/03/2000	
firstName447	lastName447	31/03/2000	
firstName48	lastName48	31/03/2000	
firstName49	lastName49	31/03/2000	
firstName50	lastName50	31/03/2000	
firstName450	lastName450	31/03/2000	
firstName451	lastName451	31/03/2000	
firstName452	lastName452	31/03/2000	
firstName453	lastName453	31/03/2000	
firstName54	lastName54	31/03/2000	
firstName454	lastName454	31/03/2000	
firstName455	lastName455	31/03/2000	
firstName56	lastName56	31/03/2000	
firstName456	lastName456	31/03/2000	
firstName457	lastName457	31/03/2000	
firstName459	lastName459	31/03/2000	
firstName61	lastName61	31/03/2000	
firstName460	lastName460	31/03/2000	
firstName461	lastName461	31/03/2000	
firstName462	lastName462	31/03/2000	
firstName463	lastName463	31/03/2000	
firstName65	lastName65	31/03/2000	
